,KSWIN,ADWIN,EDDM,DDM
mixed_a,0.783,0.490215,0.489972,0.489644
mixed_g,0.776554,0.492063,0.490062,0.497461
led_a,0.997606,0.999004,0.999869,0.997575
led_g,0.99744,1.0,1.0,1.0
sea_a,0.838501,0.876565,0.810389,0.874544
sea_g,0.830231,0.868765,0.805955,0.846965
Mean,0.8706,0.7878,0.766,0.7844
