,KSWIN,ADWIN,EDDM,DDM
mixed_a,0.864564,0.902446,0.505654,0.499785
mixed_g,0.86453,0.500385,0.500017,0.500076
Hyperplane Generator,0.579687,0.609034,0.588951,0.588332
led_a,0.997464,0.994098,0.999966,0.994956
led_g,0.997597,1.0,1.0,0.99999
rand_tree,0.63253,0.704761,0.631777,0.665459
rbf_if,0.658442,0.529946,0.495159,0.500906
rbf_im,0.645903,0.651182,0.503443,0.601875
sea_a,0.83997,0.890909,0.703595,0.887552
sea_g,0.833435,0.83037,0.678683,0.839612
Mean,0.7914,0.7613,0.6607,0.7079
